"Txhash","UnixTimestamp","DateTime","From","To","Value","ContractAddress","TokenName","TokenSymbol","Delete"
"0x1a63233d9b5d815907d5b83e38391d06beb046b8aa11a9b33961ae1d6bb7c66c","1617999146","2021-04-09 20:12:26","0x722122df12d4e14e13ac3b6895a86e84145b6967","0xd21be7248e0197ee08e0c20d4a96debdac3d20af","5,000,000","0x5d3a536e4d6dbd6114cc1ead35777bab948e3643","Compound Dai","cDAI",""
"0x9edf8fc042bf219f234915ec165210e1de0eca606d0beb5a04ae6ec60b0838bd","1618189284","2021-04-12 01:01:24","0x722122df12d4e14e13ac3b6895a86e84145b6967","0xd21be7248e0197ee08e0c20d4a96debdac3d20af","5,000,000","0x5d3a536e4d6dbd6114cc1ead35777bab948e3643","Compound Dai","cDAI",""
"0xef6bd5d0264787451d5ddd0b0e80ae55465b2f47b23135644967b56094fd6df1","1618481940","2021-04-15 10:19:00","0x722122df12d4e14e13ac3b6895a86e84145b6967","0xd21be7248e0197ee08e0c20d4a96debdac3d20af","5,000,000","0x5d3a536e4d6dbd6114cc1ead35777bab948e3643","Compound Dai","cDAI",""
"0xd96d7dd2dd9bb7c0f4bf5b0b95e10feb705cd71693f99d0c74e4b50ab7848ac5","1618482021","2021-04-15 10:20:21","0x722122df12d4e14e13ac3b6895a86e84145b6967","0xd21be7248e0197ee08e0c20d4a96debdac3d20af","5,000,000","0x5d3a536e4d6dbd6114cc1ead35777bab948e3643","Compound Dai","cDAI",""
"0x919bfb5dbe29c016f1ba1a8c4f28655aaa29019284c4ba728fa1a06e91574dbb","1618482785","2021-04-15 10:33:05","0x722122df12d4e14e13ac3b6895a86e84145b6967","0xd21be7248e0197ee08e0c20d4a96debdac3d20af","5,000,000","0x5d3a536e4d6dbd6114cc1ead35777bab948e3643","Compound Dai","cDAI",""
"0x46f05e3104127d6095a861e028dd76084b1bf0b29f86b9c25b58d8d541bf702e","1618509886","2021-04-15 18:04:46","0xd21be7248e0197ee08e0c20d4a96debdac3d20af","0x356ee97d7d560af2e97e9f9eee56b2e09d60e6f5","5,000,000","0x5d3a536e4d6dbd6114cc1ead35777bab948e3643","Compound Dai","cDAI",""
"0x21a933710c82775681389952724729cc99dc9e359703b390c0770d875ce6a3ff","1618510180","2021-04-15 18:09:40","0xd21be7248e0197ee08e0c20d4a96debdac3d20af","0x356ee97d7d560af2e97e9f9eee56b2e09d60e6f5","5,000,000","0x5d3a536e4d6dbd6114cc1ead35777bab948e3643","Compound Dai","cDAI",""
"0x336e1ecf6dc112d77f4e7eee741f0e5d971ef63d0baaf45c255eb7e08a03bdd5","1618510350","2021-04-15 18:12:30","0x722122df12d4e14e13ac3b6895a86e84145b6967","0xd21be7248e0197ee08e0c20d4a96debdac3d20af","5,000,000","0x5d3a536e4d6dbd6114cc1ead35777bab948e3643","Compound Dai","cDAI",""
"0xd3f55f35c19f1523c968d010bb88c97fca2a41409575257823785b88e6163e6c","1618510354","2021-04-15 18:12:34","0x722122df12d4e14e13ac3b6895a86e84145b6967","0xd21be7248e0197ee08e0c20d4a96debdac3d20af","5,000,000","0x5d3a536e4d6dbd6114cc1ead35777bab948e3643","Compound Dai","cDAI",""
"0xff99b60bc7005d35259c416038c2b9fb0738e6ac05f8db3b556df75d3c3da66d","1618510363","2021-04-15 18:12:43","0x722122df12d4e14e13ac3b6895a86e84145b6967","0xd21be7248e0197ee08e0c20d4a96debdac3d20af","5,000,000","0x5d3a536e4d6dbd6114cc1ead35777bab948e3643","Compound Dai","cDAI",""
"0x64f50d7abc17e33b1fad5cdc4de4ea7e254bbcaccff29f37bbb4b4a93f75d062","1618529455","2021-04-15 23:30:55","0x722122df12d4e14e13ac3b6895a86e84145b6967","0xd21be7248e0197ee08e0c20d4a96debdac3d20af","5,000,000","0x5d3a536e4d6dbd6114cc1ead35777bab948e3643","Compound Dai","cDAI",""
"0xcdc2cfa03cb59a088bbdfe0f5b30f56cf959336e4413ae0be5906f3dce53fe25","1618533663","2021-04-16 00:41:03","0xd21be7248e0197ee08e0c20d4a96debdac3d20af","0x6a77500a141fede525e57e422d65d67a32f2d8fe","5,000,000","0x5d3a536e4d6dbd6114cc1ead35777bab948e3643","Compound Dai","cDAI",""
"0xe0d738ce8c416d9b65917539e6c5ef5a8e569865a04e8deec61ac256f398e4a9","1618533779","2021-04-16 00:42:59","0x722122df12d4e14e13ac3b6895a86e84145b6967","0xd21be7248e0197ee08e0c20d4a96debdac3d20af","5,000,000","0x5d3a536e4d6dbd6114cc1ead35777bab948e3643","Compound Dai","cDAI",""
"0xf1b41e10631ee4b0a16795215355611c8712899c84387a5331bbeb97a226c53b","1618534661","2021-04-16 00:57:41","0xd21be7248e0197ee08e0c20d4a96debdac3d20af","0x6a77500a141fede525e57e422d65d67a32f2d8fe","4,989,836.61260742","0x5d3a536e4d6dbd6114cc1ead35777bab948e3643","Compound Dai","cDAI",""
"0xf1b41e10631ee4b0a16795215355611c8712899c84387a5331bbeb97a226c53b","1618534661","2021-04-16 00:57:41","0xd21be7248e0197ee08e0c20d4a96debdac3d20af","0xdd36d585a0d32b4ae6f1790bc4292308e21a42e3","10,163.38739258","0x5d3a536e4d6dbd6114cc1ead35777bab948e3643","Compound Dai","cDAI",""
"0x1b660a1ae9d31fbe8f192f549a322555d302c1395869998ddaef01ce68bfbbe4","1618534816","2021-04-16 01:00:16","0xd21be7248e0197ee08e0c20d4a96debdac3d20af","0x6a77500a141fede525e57e422d65d67a32f2d8fe","5,000,000","0x5d3a536e4d6dbd6114cc1ead35777bab948e3643","Compound Dai","cDAI",""
"0x80a4db30bd25840d9fe677096894a0c9d21a23865f5d792d6b4e83c4f1277686","1618535264","2021-04-16 01:07:44","0xd21be7248e0197ee08e0c20d4a96debdac3d20af","0x6a77500a141fede525e57e422d65d67a32f2d8fe","5,000,000","0x5d3a536e4d6dbd6114cc1ead35777bab948e3643","Compound Dai","cDAI",""
"0x980011020ecd3adedc4c8ed68422924897a116cce3cd9253a42c1d3b88ed5844","1618569180","2021-04-16 10:33:00","0x722122df12d4e14e13ac3b6895a86e84145b6967","0xd21be7248e0197ee08e0c20d4a96debdac3d20af","5,000,000","0x5d3a536e4d6dbd6114cc1ead35777bab948e3643","Compound Dai","cDAI",""
"0x3fcfb6b586f5f8a2d55d68a77b7b953bedfe66a5fa492f6c874bbb8fc8df3bab","1618685812","2021-04-17 18:56:52","0x722122df12d4e14e13ac3b6895a86e84145b6967","0xd21be7248e0197ee08e0c20d4a96debdac3d20af","5,000,000","0x5d3a536e4d6dbd6114cc1ead35777bab948e3643","Compound Dai","cDAI",""
"0x9e6b6dbbad21ea4001446f58a741cf1f288e16849ea48c7dc8101bf87af98fb9","1618690556","2021-04-17 20:15:56","0x722122df12d4e14e13ac3b6895a86e84145b6967","0xd21be7248e0197ee08e0c20d4a96debdac3d20af","5,000,000","0x5d3a536e4d6dbd6114cc1ead35777bab948e3643","Compound Dai","cDAI",""
"0xe36e99d600896190b57b1c02b25ba2b4783ee123d03f42f7941aaf3e52bfef96","1618690644","2021-04-17 20:17:24","0x722122df12d4e14e13ac3b6895a86e84145b6967","0xd21be7248e0197ee08e0c20d4a96debdac3d20af","5,000,000","0x5d3a536e4d6dbd6114cc1ead35777bab948e3643","Compound Dai","cDAI",""
"0x8364209ee888bd656600eea28b68434572f196545379ab181e09fddedb1ce842","1618815200","2021-04-19 06:53:20","0x722122df12d4e14e13ac3b6895a86e84145b6967","0xd21be7248e0197ee08e0c20d4a96debdac3d20af","5,000,000","0x5d3a536e4d6dbd6114cc1ead35777bab948e3643","Compound Dai","cDAI",""
"0x8c34d7e1171771ac8989416bea91e63a3661f76b1c3a2d0add8a5fd90a7a0368","1618860414","2021-04-19 19:26:54","0x722122df12d4e14e13ac3b6895a86e84145b6967","0xd21be7248e0197ee08e0c20d4a96debdac3d20af","5,000,000","0x5d3a536e4d6dbd6114cc1ead35777bab948e3643","Compound Dai","cDAI",""
"0xd4af4f49bed58f8f7bd92bcb4e42321b248815fa4a07dfd9bac7dc009e6476cb","1618860493","2021-04-19 19:28:13","0x722122df12d4e14e13ac3b6895a86e84145b6967","0xd21be7248e0197ee08e0c20d4a96debdac3d20af","5,000,000","0x5d3a536e4d6dbd6114cc1ead35777bab948e3643","Compound Dai","cDAI",""
"0x8771ab23af013dca8ff8d94625a1ba2e16cddf013e157038c4901a7be9e731fd","1619230398","2021-04-24 02:13:18","0x722122df12d4e14e13ac3b6895a86e84145b6967","0xd21be7248e0197ee08e0c20d4a96debdac3d20af","5,000,000","0x5d3a536e4d6dbd6114cc1ead35777bab948e3643","Compound Dai","cDAI",""
"0xf0800ccf40374eee22cdf1471b052a4bd409dcb33f9d558ea12d37953d6559ad","1619230756","2021-04-24 02:19:16","0x722122df12d4e14e13ac3b6895a86e84145b6967","0xd21be7248e0197ee08e0c20d4a96debdac3d20af","5,000,000","0x5d3a536e4d6dbd6114cc1ead35777bab948e3643","Compound Dai","cDAI",""
"0x2f6975528b2ca294efe0e91613ce37ef384a1063f10b9c1f2b3f6edc2e5577b8","1619231078","2021-04-24 02:24:38","0x722122df12d4e14e13ac3b6895a86e84145b6967","0xd21be7248e0197ee08e0c20d4a96debdac3d20af","5,000,000","0x5d3a536e4d6dbd6114cc1ead35777bab948e3643","Compound Dai","cDAI",""
"0x0821d88dc902530c7a18b927218c2a28737b5702c1823dfa3ad29e6a48982d8a","1619482350","2021-04-27 00:12:30","0xd21be7248e0197ee08e0c20d4a96debdac3d20af","0x356ee97d7d560af2e97e9f9eee56b2e09d60e6f5","5,000,000","0x5d3a536e4d6dbd6114cc1ead35777bab948e3643","Compound Dai","cDAI",""
"0xb5483a3d31432a9f6201decf0db6f49dec8e412d6baab1dd758de7a02526eb3b","1619881342","2021-05-01 15:02:22","0xd21be7248e0197ee08e0c20d4a96debdac3d20af","0x665967faf572697e53969c0b7e8bd336b1fac885","5,000,000","0x5d3a536e4d6dbd6114cc1ead35777bab948e3643","Compound Dai","cDAI",""
"0xac49f30b1e2e412939aab0f15c0e6939f283f2a0ad74ca80c4880fa5eb796c12","1619881463","2021-05-01 15:04:23","0xd21be7248e0197ee08e0c20d4a96debdac3d20af","0x665967faf572697e53969c0b7e8bd336b1fac885","5,000,000","0x5d3a536e4d6dbd6114cc1ead35777bab948e3643","Compound Dai","cDAI",""
"0x0a7c2487a23711f0aea5a36fd568f46fb4a8d0681286d25ec9657524fe97062a","1619947580","2021-05-02 09:26:20","0x722122df12d4e14e13ac3b6895a86e84145b6967","0xd21be7248e0197ee08e0c20d4a96debdac3d20af","5,000,000","0x5d3a536e4d6dbd6114cc1ead35777bab948e3643","Compound Dai","cDAI",""
"0x2fdfef16cde023abec17e21d5dca0c03de12352f2fc7876b0c6f262436066955","1619948081","2021-05-02 09:34:41","0x722122df12d4e14e13ac3b6895a86e84145b6967","0xd21be7248e0197ee08e0c20d4a96debdac3d20af","5,000,000","0x5d3a536e4d6dbd6114cc1ead35777bab948e3643","Compound Dai","cDAI",""
"0xba111d0a07712a77fd9311f28655c9430253a76cb837d5d6ee23ff23c1f51064","1619948463","2021-05-02 09:41:03","0x722122df12d4e14e13ac3b6895a86e84145b6967","0xd21be7248e0197ee08e0c20d4a96debdac3d20af","5,000,000","0x5d3a536e4d6dbd6114cc1ead35777bab948e3643","Compound Dai","cDAI",""
"0x608225b2f9656ed43475c3632f890169199bfddff84991a9f1bca73938781714","1620275760","2021-05-06 04:36:00","0xd21be7248e0197ee08e0c20d4a96debdac3d20af","0xacd614c63e7d9aed0e747d72a8723d5ea3b41424","5,000,000","0x5d3a536e4d6dbd6114cc1ead35777bab948e3643","Compound Dai","cDAI",""
"0x32437307583e79304e7e25fb4e04e7077f32434d29b33f017a1fe20ef0c3f2f7","1620275957","2021-05-06 04:39:17","0x722122df12d4e14e13ac3b6895a86e84145b6967","0xd21be7248e0197ee08e0c20d4a96debdac3d20af","5,000,000","0x5d3a536e4d6dbd6114cc1ead35777bab948e3643","Compound Dai","cDAI",""
"0xd72c7b6a7c7fd8c8d2085b098a5a93792e19702f034adcf41674fc2f683527a7","1620276342","2021-05-06 04:45:42","0xd21be7248e0197ee08e0c20d4a96debdac3d20af","0xacd614c63e7d9aed0e747d72a8723d5ea3b41424","5,000,000","0x5d3a536e4d6dbd6114cc1ead35777bab948e3643","Compound Dai","cDAI",""
"0x1989017a6c5ce3a41465e0abc89ee7cf4939ba4b98f7b6d57dfb1dc89169e1fc","1620276559","2021-05-06 04:49:19","0xd21be7248e0197ee08e0c20d4a96debdac3d20af","0xacd614c63e7d9aed0e747d72a8723d5ea3b41424","5,000,000","0x5d3a536e4d6dbd6114cc1ead35777bab948e3643","Compound Dai","cDAI",""
"0xc249aa085696bb5c6f85adbaf145f37285bc938d325348a7463ca2a72f7a521a","1620276765","2021-05-06 04:52:45","0x722122df12d4e14e13ac3b6895a86e84145b6967","0xd21be7248e0197ee08e0c20d4a96debdac3d20af","5,000,000","0x5d3a536e4d6dbd6114cc1ead35777bab948e3643","Compound Dai","cDAI",""
"0x27edb79f98343b976920aa2f53808414bc9e97b73efe91524c998ee8f1861dbe","1620276882","2021-05-06 04:54:42","0x722122df12d4e14e13ac3b6895a86e84145b6967","0xd21be7248e0197ee08e0c20d4a96debdac3d20af","5,000,000","0x5d3a536e4d6dbd6114cc1ead35777bab948e3643","Compound Dai","cDAI",""
"0x239b9e7a7aae020a120f5f71d7db17292edd65be9eb28d9cc35befcf7e22b5f6","1620459088","2021-05-08 07:31:28","0x722122df12d4e14e13ac3b6895a86e84145b6967","0xd21be7248e0197ee08e0c20d4a96debdac3d20af","5,000,000","0x5d3a536e4d6dbd6114cc1ead35777bab948e3643","Compound Dai","cDAI",""
"0x79708fb335edeef9222bf055cabe04aedde79ae8c09a50d01a07674a412df4c3","1620974145","2021-05-14 06:35:45","0x722122df12d4e14e13ac3b6895a86e84145b6967","0xd21be7248e0197ee08e0c20d4a96debdac3d20af","5,000,000","0x5d3a536e4d6dbd6114cc1ead35777bab948e3643","Compound Dai","cDAI",""
"0xd5d16b8d8fed94a127ce0f288f87743f7a2a62823c01b59b930e4978c87c2755","1620974309","2021-05-14 06:38:29","0x722122df12d4e14e13ac3b6895a86e84145b6967","0xd21be7248e0197ee08e0c20d4a96debdac3d20af","5,000,000","0x5d3a536e4d6dbd6114cc1ead35777bab948e3643","Compound Dai","cDAI",""
"0x33eb121d696d7da73db371922a67d5285944446ec9e661ad0603bf048616b8e6","1620974363","2021-05-14 06:39:23","0x722122df12d4e14e13ac3b6895a86e84145b6967","0xd21be7248e0197ee08e0c20d4a96debdac3d20af","5,000,000","0x5d3a536e4d6dbd6114cc1ead35777bab948e3643","Compound Dai","cDAI",""
"0x49264fd3654ac64e38eccc9ecdf86ca777c85599a5759472a5d8f65a7be03e24","1621133383","2021-05-16 02:49:43","0xd21be7248e0197ee08e0c20d4a96debdac3d20af","0x2954d8c6a41b8b70a1895c752aca9c476b20343c","5,000,000","0x5d3a536e4d6dbd6114cc1ead35777bab948e3643","Compound Dai","cDAI",""
"0x5cb54578289a81681ed520ae73d3fe10c78c407653d7c619b39441c364e2806d","1621233008","2021-05-17 06:30:08","0x722122df12d4e14e13ac3b6895a86e84145b6967","0xd21be7248e0197ee08e0c20d4a96debdac3d20af","5,000,000","0x5d3a536e4d6dbd6114cc1ead35777bab948e3643","Compound Dai","cDAI",""
"0x309d32246c309ed2714ec1fd13d9a43798d193893647e1315bb2c7bc87f4660b","1622012805","2021-05-26 07:06:45","0xd21be7248e0197ee08e0c20d4a96debdac3d20af","0x6c3e007377effd74afe237ce3b0aeef969b63c91","5,000,000","0x5d3a536e4d6dbd6114cc1ead35777bab948e3643","Compound Dai","cDAI",""
"0x34e0faf30d09873332474f43a2647cdc791a29aa0c275d8eff819546715272bc","1622842390","2021-06-04 21:33:10","0x722122df12d4e14e13ac3b6895a86e84145b6967","0xd21be7248e0197ee08e0c20d4a96debdac3d20af","5,000,000","0x5d3a536e4d6dbd6114cc1ead35777bab948e3643","Compound Dai","cDAI",""
"0xc7c79417139ab773b7a4f2db65d65aea622491aea9a4119e8e70328b3fb1af3e","1622863625","2021-06-05 03:27:05","0x722122df12d4e14e13ac3b6895a86e84145b6967","0xd21be7248e0197ee08e0c20d4a96debdac3d20af","5,000,000","0x5d3a536e4d6dbd6114cc1ead35777bab948e3643","Compound Dai","cDAI",""
"0x44c24207d55de8b31708ae846dbaf79e2bd11eedea8a6e76585c8fd2045f260f","1622863690","2021-06-05 03:28:10","0x722122df12d4e14e13ac3b6895a86e84145b6967","0xd21be7248e0197ee08e0c20d4a96debdac3d20af","5,000,000","0x5d3a536e4d6dbd6114cc1ead35777bab948e3643","Compound Dai","cDAI",""
"0x69097b1e6111e4fb5c5db742583b18149174e9d1a654d6d82c5e2d54200544e2","1622863786","2021-06-05 03:29:46","0x722122df12d4e14e13ac3b6895a86e84145b6967","0xd21be7248e0197ee08e0c20d4a96debdac3d20af","5,000,000","0x5d3a536e4d6dbd6114cc1ead35777bab948e3643","Compound Dai","cDAI",""
"0x66f37d4d26ddcf7a110405abfddfb734dbfda29e83f6b430c3d26738d2c9916a","1622863893","2021-06-05 03:31:33","0x722122df12d4e14e13ac3b6895a86e84145b6967","0xd21be7248e0197ee08e0c20d4a96debdac3d20af","5,000,000","0x5d3a536e4d6dbd6114cc1ead35777bab948e3643","Compound Dai","cDAI",""
"0x0b6de75ce74c5af01b548da0789d7d1089173772b9ca94a481438d6d1008bdb9","1622863984","2021-06-05 03:33:04","0x722122df12d4e14e13ac3b6895a86e84145b6967","0xd21be7248e0197ee08e0c20d4a96debdac3d20af","5,000,000","0x5d3a536e4d6dbd6114cc1ead35777bab948e3643","Compound Dai","cDAI",""
"0xa86d1a28d0ea38182b8ed6ef52c5415d106b9d36185ea655aa3ce447fb9a930a","1622864736","2021-06-05 03:45:36","0x722122df12d4e14e13ac3b6895a86e84145b6967","0xd21be7248e0197ee08e0c20d4a96debdac3d20af","5,000,000","0x5d3a536e4d6dbd6114cc1ead35777bab948e3643","Compound Dai","cDAI",""
"0xbe224adbda35e6e714daad22332fac70980812fe0229b0ff09c87087de26bdbb","1623027517","2021-06-07 00:58:37","0x722122df12d4e14e13ac3b6895a86e84145b6967","0xd21be7248e0197ee08e0c20d4a96debdac3d20af","5,000,000","0x5d3a536e4d6dbd6114cc1ead35777bab948e3643","Compound Dai","cDAI",""
"0x714f06ac6f05f12af386bdf55b51b7ada555239bf6b68066eac7ea0e6da4ba1f","1623027559","2021-06-07 00:59:19","0x722122df12d4e14e13ac3b6895a86e84145b6967","0xd21be7248e0197ee08e0c20d4a96debdac3d20af","5,000,000","0x5d3a536e4d6dbd6114cc1ead35777bab948e3643","Compound Dai","cDAI",""
"0x99edeea6c63dca3185933e9bb2327d3324a76cb7b2b4f3c3d17f66373a825b0f","1623027621","2021-06-07 01:00:21","0x722122df12d4e14e13ac3b6895a86e84145b6967","0xd21be7248e0197ee08e0c20d4a96debdac3d20af","5,000,000","0x5d3a536e4d6dbd6114cc1ead35777bab948e3643","Compound Dai","cDAI",""
"0x4da926a98cd3e243f5ba3285091c78e65fc238328d7ba56c912f1c383e58b621","1623027698","2021-06-07 01:01:38","0x722122df12d4e14e13ac3b6895a86e84145b6967","0xd21be7248e0197ee08e0c20d4a96debdac3d20af","5,000,000","0x5d3a536e4d6dbd6114cc1ead35777bab948e3643","Compound Dai","cDAI",""
"0xea997bdcd58c40426c0833e9b333f8acbe537ed26fc39f23ef9feed6b393f9db","1623027742","2021-06-07 01:02:22","0x722122df12d4e14e13ac3b6895a86e84145b6967","0xd21be7248e0197ee08e0c20d4a96debdac3d20af","5,000,000","0x5d3a536e4d6dbd6114cc1ead35777bab948e3643","Compound Dai","cDAI",""
"0xefea556abdb149548740ade24922163428dc9af0cf09228942c5550031f2bc58","1623027803","2021-06-07 01:03:23","0x722122df12d4e14e13ac3b6895a86e84145b6967","0xd21be7248e0197ee08e0c20d4a96debdac3d20af","5,000,000","0x5d3a536e4d6dbd6114cc1ead35777bab948e3643","Compound Dai","cDAI",""
"0xd0f1dd7ba37ccb5920da46fecbbabaac1a4052e098486b997ee89051802e1de6","1623027846","2021-06-07 01:04:06","0x722122df12d4e14e13ac3b6895a86e84145b6967","0xd21be7248e0197ee08e0c20d4a96debdac3d20af","5,000,000","0x5d3a536e4d6dbd6114cc1ead35777bab948e3643","Compound Dai","cDAI",""
"0x0b246f965bb166ca8d9b28daea714f2308a268f380ba01966a58ef1702d6a6d2","1623028015","2021-06-07 01:06:55","0x722122df12d4e14e13ac3b6895a86e84145b6967","0xd21be7248e0197ee08e0c20d4a96debdac3d20af","5,000,000","0x5d3a536e4d6dbd6114cc1ead35777bab948e3643","Compound Dai","cDAI",""
"0x171d3a0e4e1e98901c4f3a876417c601929b92012034063b30d357fdbc7ad8b0","1623093160","2021-06-07 19:12:40","0x722122df12d4e14e13ac3b6895a86e84145b6967","0xd21be7248e0197ee08e0c20d4a96debdac3d20af","5,000,000","0x5d3a536e4d6dbd6114cc1ead35777bab948e3643","Compound Dai","cDAI",""
"0x0b2777a67b84fcd887e8d93993d443e1470ce36b3c4bb0797cd582c3735e6e35","1623095157","2021-06-07 19:45:57","0x722122df12d4e14e13ac3b6895a86e84145b6967","0xd21be7248e0197ee08e0c20d4a96debdac3d20af","5,000,000","0x5d3a536e4d6dbd6114cc1ead35777bab948e3643","Compound Dai","cDAI",""
"0x453f1f0a8126fb2515348429d93026aa6dba4b186c780224ecee93fb2621ac94","1623095289","2021-06-07 19:48:09","0x722122df12d4e14e13ac3b6895a86e84145b6967","0xd21be7248e0197ee08e0c20d4a96debdac3d20af","5,000,000","0x5d3a536e4d6dbd6114cc1ead35777bab948e3643","Compound Dai","cDAI",""
"0x8b8a2b667ecf467ec27b93af864f50180b6f606ccbe20ec2ad003a888b8089c8","1623105798","2021-06-07 22:43:18","0x722122df12d4e14e13ac3b6895a86e84145b6967","0xd21be7248e0197ee08e0c20d4a96debdac3d20af","5,000,000","0x5d3a536e4d6dbd6114cc1ead35777bab948e3643","Compound Dai","cDAI",""
"0xd3a0aa6be05ad3a02e4b8320381993b4e29772bb580d433cd62b961b78666c14","1623251712","2021-06-09 15:15:12","0x722122df12d4e14e13ac3b6895a86e84145b6967","0xd21be7248e0197ee08e0c20d4a96debdac3d20af","5,000,000","0x5d3a536e4d6dbd6114cc1ead35777bab948e3643","Compound Dai","cDAI",""
"0xbbb0a5994e2259a92288f54f355120941667130fc8ce03e4fbb81abfcf00e21b","1623251919","2021-06-09 15:18:39","0x722122df12d4e14e13ac3b6895a86e84145b6967","0xd21be7248e0197ee08e0c20d4a96debdac3d20af","5,000,000","0x5d3a536e4d6dbd6114cc1ead35777bab948e3643","Compound Dai","cDAI",""
"0x936d0599d352096cdfcc1df76c3a027ce3ff2d835cd0b3030e7aaa688ce2fdcb","1623252143","2021-06-09 15:22:23","0x722122df12d4e14e13ac3b6895a86e84145b6967","0xd21be7248e0197ee08e0c20d4a96debdac3d20af","5,000,000","0x5d3a536e4d6dbd6114cc1ead35777bab948e3643","Compound Dai","cDAI",""
"0xf081a0456ffb60abe69f4a465af64b400c4019b81942f6104c30c5c3fdc9df9f","1623252269","2021-06-09 15:24:29","0x722122df12d4e14e13ac3b6895a86e84145b6967","0xd21be7248e0197ee08e0c20d4a96debdac3d20af","5,000,000","0x5d3a536e4d6dbd6114cc1ead35777bab948e3643","Compound Dai","cDAI",""
"0x5312b24bca328b8bdf1313b0752239c34e9d2869995ac9b3ed6818368a22f47d","1623252948","2021-06-09 15:35:48","0x722122df12d4e14e13ac3b6895a86e84145b6967","0xd21be7248e0197ee08e0c20d4a96debdac3d20af","5,000,000","0x5d3a536e4d6dbd6114cc1ead35777bab948e3643","Compound Dai","cDAI",""
"0x30c5a22900760e78947c644049803c7143455df01bfde504b0526405e58d4185","1623546933","2021-06-13 01:15:33","0x722122df12d4e14e13ac3b6895a86e84145b6967","0xd21be7248e0197ee08e0c20d4a96debdac3d20af","5,000,000","0x5d3a536e4d6dbd6114cc1ead35777bab948e3643","Compound Dai","cDAI",""
"0xc7b7e24f1571693a055daefa8f1a67af82fb00b36f8fe0beb3da762bffd54793","1623561773","2021-06-13 05:22:53","0xd21be7248e0197ee08e0c20d4a96debdac3d20af","0xacd614c63e7d9aed0e747d72a8723d5ea3b41424","5,000,000","0x5d3a536e4d6dbd6114cc1ead35777bab948e3643","Compound Dai","cDAI",""
"0x7e2eae7d541f16c5f284f7b3367a0fb2e743257079affddc93981d2ff4296f1b","1623561914","2021-06-13 05:25:14","0xd21be7248e0197ee08e0c20d4a96debdac3d20af","0xacd614c63e7d9aed0e747d72a8723d5ea3b41424","5,000,000","0x5d3a536e4d6dbd6114cc1ead35777bab948e3643","Compound Dai","cDAI",""
"0x70f56ed655a754d3341b9a787287fc4e03751d1f336e6911f992648ce736ae73","1623561992","2021-06-13 05:26:32","0xd21be7248e0197ee08e0c20d4a96debdac3d20af","0xacd614c63e7d9aed0e747d72a8723d5ea3b41424","5,000,000","0x5d3a536e4d6dbd6114cc1ead35777bab948e3643","Compound Dai","cDAI",""
"0xdce782c187fef4c1883202c64845156151e9a47cea73ce2027dad572347eda85","1623564100","2021-06-13 06:01:40","0x722122df12d4e14e13ac3b6895a86e84145b6967","0xd21be7248e0197ee08e0c20d4a96debdac3d20af","5,000,000","0x5d3a536e4d6dbd6114cc1ead35777bab948e3643","Compound Dai","cDAI",""
"0x93dd33b165b3ecd9eb0267727f38aa48913930a2e1e4b4d526bb88b2f0f5a045","1623564204","2021-06-13 06:03:24","0x722122df12d4e14e13ac3b6895a86e84145b6967","0xd21be7248e0197ee08e0c20d4a96debdac3d20af","5,000,000","0x5d3a536e4d6dbd6114cc1ead35777bab948e3643","Compound Dai","cDAI",""
"0xf6e43530bd72efa563003d58ecf85e3b820ffceb410a0bcaa1f6015c9ef9d4d9","1623564294","2021-06-13 06:04:54","0x722122df12d4e14e13ac3b6895a86e84145b6967","0xd21be7248e0197ee08e0c20d4a96debdac3d20af","5,000,000","0x5d3a536e4d6dbd6114cc1ead35777bab948e3643","Compound Dai","cDAI",""
"0x2761dd71870b93ddc56d4c3fbc16e90c26e9cb3fdf65ed1b12ba80a8dc222ddb","1623916183","2021-06-17 07:49:43","0x722122df12d4e14e13ac3b6895a86e84145b6967","0xd21be7248e0197ee08e0c20d4a96debdac3d20af","5,000,000","0x5d3a536e4d6dbd6114cc1ead35777bab948e3643","Compound Dai","cDAI",""
"0xf0f264247c884358720b7d0fc96c75c95e3936a110abdc4aaa67b9d4e0bcf919","1623916405","2021-06-17 07:53:25","0x722122df12d4e14e13ac3b6895a86e84145b6967","0xd21be7248e0197ee08e0c20d4a96debdac3d20af","5,000,000","0x5d3a536e4d6dbd6114cc1ead35777bab948e3643","Compound Dai","cDAI",""
"0xfb753d7a105246ab727575272496654c44315ba2646d672a3e2eab3740ddc326","1623916701","2021-06-17 07:58:21","0x722122df12d4e14e13ac3b6895a86e84145b6967","0xd21be7248e0197ee08e0c20d4a96debdac3d20af","5,000,000","0x5d3a536e4d6dbd6114cc1ead35777bab948e3643","Compound Dai","cDAI",""
"0xc6464e03530b19cfc0fdb8ea4a3db138462176522ceed9c2171272e68448a8b2","1623916907","2021-06-17 08:01:47","0x722122df12d4e14e13ac3b6895a86e84145b6967","0xd21be7248e0197ee08e0c20d4a96debdac3d20af","5,000,000","0x5d3a536e4d6dbd6114cc1ead35777bab948e3643","Compound Dai","cDAI",""
"0x5c1cc7fb2e0a06fdef46cf899c701c08d000cc6e52721fdc819d9b4661c11324","1623917101","2021-06-17 08:05:01","0x722122df12d4e14e13ac3b6895a86e84145b6967","0xd21be7248e0197ee08e0c20d4a96debdac3d20af","5,000,000","0x5d3a536e4d6dbd6114cc1ead35777bab948e3643","Compound Dai","cDAI",""
"0xec977fb556f2d35cd5b5cab17194d39e6538f10fc93405c8413365bb0e63af15","1623917201","2021-06-17 08:06:41","0x722122df12d4e14e13ac3b6895a86e84145b6967","0xd21be7248e0197ee08e0c20d4a96debdac3d20af","5,000,000","0x5d3a536e4d6dbd6114cc1ead35777bab948e3643","Compound Dai","cDAI",""
"0x8db64dc7fbcd3f6aa418c3c504c7cfcfdd9a3c3f56ca861273d684e1d50cf1bd","1623917240","2021-06-17 08:07:20","0x722122df12d4e14e13ac3b6895a86e84145b6967","0xd21be7248e0197ee08e0c20d4a96debdac3d20af","5,000,000","0x5d3a536e4d6dbd6114cc1ead35777bab948e3643","Compound Dai","cDAI",""
"0x82013305e94cfe4ebf4ebcd73e8d45bdb1cece7848779e5ce69d6fa15844cd83","1623917414","2021-06-17 08:10:14","0x722122df12d4e14e13ac3b6895a86e84145b6967","0xd21be7248e0197ee08e0c20d4a96debdac3d20af","5,000,000","0x5d3a536e4d6dbd6114cc1ead35777bab948e3643","Compound Dai","cDAI",""
"0xe7391b7886e6572ef36055fee222ef0cf2ad2bd462abc3c943ed2f304486a3ff","1623917693","2021-06-17 08:14:53","0x722122df12d4e14e13ac3b6895a86e84145b6967","0xd21be7248e0197ee08e0c20d4a96debdac3d20af","5,000,000","0x5d3a536e4d6dbd6114cc1ead35777bab948e3643","Compound Dai","cDAI",""
"0xbba2de6e785659c282fd9f878fa75fd913cd5d7f95254dc08a76080d13e9a2f3","1623917778","2021-06-17 08:16:18","0x722122df12d4e14e13ac3b6895a86e84145b6967","0xd21be7248e0197ee08e0c20d4a96debdac3d20af","5,000,000","0x5d3a536e4d6dbd6114cc1ead35777bab948e3643","Compound Dai","cDAI",""
"0x5f06864ba1d6962529a703d3dde69909e2018be0b6d752e8381fe0c7c6eea523","1623917877","2021-06-17 08:17:57","0x722122df12d4e14e13ac3b6895a86e84145b6967","0xd21be7248e0197ee08e0c20d4a96debdac3d20af","5,000,000","0x5d3a536e4d6dbd6114cc1ead35777bab948e3643","Compound Dai","cDAI",""
"0x5002192af7f8fec8dde750ed9a51f5de9ea72a3d6143cce073459ae5c4e2696a","1623917948","2021-06-17 08:19:08","0x722122df12d4e14e13ac3b6895a86e84145b6967","0xd21be7248e0197ee08e0c20d4a96debdac3d20af","5,000,000","0x5d3a536e4d6dbd6114cc1ead35777bab948e3643","Compound Dai","cDAI",""
"0x35dbf6a59856f4af277572d0f6f2f5dd17bd3322957f4812a05ce9c9812352ec","1623918076","2021-06-17 08:21:16","0x722122df12d4e14e13ac3b6895a86e84145b6967","0xd21be7248e0197ee08e0c20d4a96debdac3d20af","5,000,000","0x5d3a536e4d6dbd6114cc1ead35777bab948e3643","Compound Dai","cDAI",""
"0xe07a9142f0b9ab8a9d77f51f07b9ebc2fb5c24578bb45a7b05c1b8d5d3398234","1623918462","2021-06-17 08:27:42","0x722122df12d4e14e13ac3b6895a86e84145b6967","0xd21be7248e0197ee08e0c20d4a96debdac3d20af","5,000,000","0x5d3a536e4d6dbd6114cc1ead35777bab948e3643","Compound Dai","cDAI",""
"0x2a1485cfe57fda3dfc517355b6691d2a6477410a1fd392fe99a1e60d0e61519e","1624141654","2021-06-19 22:27:34","0x722122df12d4e14e13ac3b6895a86e84145b6967","0xd21be7248e0197ee08e0c20d4a96debdac3d20af","5,000,000","0x5d3a536e4d6dbd6114cc1ead35777bab948e3643","Compound Dai","cDAI",""
"0x0a6f44fb17691735d80696d82dc2287433595b80da10ee38fcae013f92247bd1","1624141671","2021-06-19 22:27:51","0x722122df12d4e14e13ac3b6895a86e84145b6967","0xd21be7248e0197ee08e0c20d4a96debdac3d20af","5,000,000","0x5d3a536e4d6dbd6114cc1ead35777bab948e3643","Compound Dai","cDAI",""
"0x91db41f9b22354f3b4f1b6e11496e1fa6c2caf985b6ccecbef8a0e17cefb5cc4","1624141685","2021-06-19 22:28:05","0x722122df12d4e14e13ac3b6895a86e84145b6967","0xd21be7248e0197ee08e0c20d4a96debdac3d20af","5,000,000","0x5d3a536e4d6dbd6114cc1ead35777bab948e3643","Compound Dai","cDAI",""
"0x98fa49e1f25eced1a096d96925ecf544ec03600e4e8d49d229d11a2e8cbea08e","1624356679","2021-06-22 10:11:19","0xd21be7248e0197ee08e0c20d4a96debdac3d20af","0xa10753468d7eaf706a91a7ae5c021aaea2aad7d8","5,000,000","0x5d3a536e4d6dbd6114cc1ead35777bab948e3643","Compound Dai","cDAI",""
"0xc1b92522a23530412f24c0edfe62be443d8d0c3217562ca184505249e0235bba","1624356789","2021-06-22 10:13:09","0xd21be7248e0197ee08e0c20d4a96debdac3d20af","0xa10753468d7eaf706a91a7ae5c021aaea2aad7d8","5,000,000","0x5d3a536e4d6dbd6114cc1ead35777bab948e3643","Compound Dai","cDAI",""
"0xbb51da20a320efea9eb2b5502393a0501f3b8ea62c5f947d0b9f36aa5a5da4b0","1624357504","2021-06-22 10:25:04","0xd21be7248e0197ee08e0c20d4a96debdac3d20af","0xa10753468d7eaf706a91a7ae5c021aaea2aad7d8","5,000,000","0x5d3a536e4d6dbd6114cc1ead35777bab948e3643","Compound Dai","cDAI",""
"0xfc0cff4f0493b481812041f0e590293bd3fea0688a270173644e7b1161a66fe5","1624357729","2021-06-22 10:28:49","0xd21be7248e0197ee08e0c20d4a96debdac3d20af","0xa10753468d7eaf706a91a7ae5c021aaea2aad7d8","5,000,000","0x5d3a536e4d6dbd6114cc1ead35777bab948e3643","Compound Dai","cDAI",""
"0xf71ceaae5778c392302373e86d1f75ca3123034b5499b5b9cb1cee443cd5b840","1624357922","2021-06-22 10:32:02","0xd21be7248e0197ee08e0c20d4a96debdac3d20af","0xa10753468d7eaf706a91a7ae5c021aaea2aad7d8","5,000,000","0x5d3a536e4d6dbd6114cc1ead35777bab948e3643","Compound Dai","cDAI",""
"0xfeded2dd31ba20d0a6568eb326cac94d34b0ba89402f6cecdd8128910b235d87","1624421663","2021-06-23 04:14:23","0xd21be7248e0197ee08e0c20d4a96debdac3d20af","0xacd614c63e7d9aed0e747d72a8723d5ea3b41424","5,000,000","0x5d3a536e4d6dbd6114cc1ead35777bab948e3643","Compound Dai","cDAI",""
"0xff75c7040b50e2d75e6a9f8c3da52c805fc697ada33a8f72cf95efb67c8d2afc","1624421776","2021-06-23 04:16:16","0xd21be7248e0197ee08e0c20d4a96debdac3d20af","0xacd614c63e7d9aed0e747d72a8723d5ea3b41424","5,000,000","0x5d3a536e4d6dbd6114cc1ead35777bab948e3643","Compound Dai","cDAI",""
"0xa860c46d6a55c30abbd4f043f38d0b11a9f6550e814d96de4ed39b74c8f58167","1624469856","2021-06-23 17:37:36","0xd21be7248e0197ee08e0c20d4a96debdac3d20af","0xacd614c63e7d9aed0e747d72a8723d5ea3b41424","5,000,000","0x5d3a536e4d6dbd6114cc1ead35777bab948e3643","Compound Dai","cDAI",""
"0x48b212108b2910758e7a6755a7a14d1292695a4397e63b18be36c0645bfabda6","1624470206","2021-06-23 17:43:26","0xd21be7248e0197ee08e0c20d4a96debdac3d20af","0xacd614c63e7d9aed0e747d72a8723d5ea3b41424","5,000,000","0x5d3a536e4d6dbd6114cc1ead35777bab948e3643","Compound Dai","cDAI",""
"0xb6502dcd3dd845ef22840da5f4f87b4c236ae0a729cca01e68f07e75df48599f","1624470271","2021-06-23 17:44:31","0xd21be7248e0197ee08e0c20d4a96debdac3d20af","0xacd614c63e7d9aed0e747d72a8723d5ea3b41424","5,000,000","0x5d3a536e4d6dbd6114cc1ead35777bab948e3643","Compound Dai","cDAI",""
"0x347c24918920050317e2d013940b402a117b211aa858b54b0501292b7c0a53be","1624470322","2021-06-23 17:45:22","0xd21be7248e0197ee08e0c20d4a96debdac3d20af","0xacd614c63e7d9aed0e747d72a8723d5ea3b41424","5,000,000","0x5d3a536e4d6dbd6114cc1ead35777bab948e3643","Compound Dai","cDAI",""
"0x2fd24f6b935f1e1047d09dc402f4ec87e621026c1e704d91f1dfc591d250c947","1624470455","2021-06-23 17:47:35","0xd21be7248e0197ee08e0c20d4a96debdac3d20af","0xacd614c63e7d9aed0e747d72a8723d5ea3b41424","5,000,000","0x5d3a536e4d6dbd6114cc1ead35777bab948e3643","Compound Dai","cDAI",""
"0x84d0dab4966bf620b6d9b9059ec3f7a9994d79c1c69f63b96948577856b96bc3","1624470532","2021-06-23 17:48:52","0xd21be7248e0197ee08e0c20d4a96debdac3d20af","0xacd614c63e7d9aed0e747d72a8723d5ea3b41424","5,000,000","0x5d3a536e4d6dbd6114cc1ead35777bab948e3643","Compound Dai","cDAI",""
"0x9947288a5510b7009bc46073543a059585ed0e162990a372cf3d53d4b26798d9","1624470649","2021-06-23 17:50:49","0xd21be7248e0197ee08e0c20d4a96debdac3d20af","0xacd614c63e7d9aed0e747d72a8723d5ea3b41424","5,000,000","0x5d3a536e4d6dbd6114cc1ead35777bab948e3643","Compound Dai","cDAI",""
"0x3f0e65207fad1ae91d79ee9fc9553bf0406dad0f7a67c6513182b78d2b218e94","1624470745","2021-06-23 17:52:25","0xd21be7248e0197ee08e0c20d4a96debdac3d20af","0xacd614c63e7d9aed0e747d72a8723d5ea3b41424","5,000,000","0x5d3a536e4d6dbd6114cc1ead35777bab948e3643","Compound Dai","cDAI",""
"0xa20843b91f1de5fbaa1d8ab8982005da5e7bee6e874f01e9f4fb7263944707dd","1624470848","2021-06-23 17:54:08","0xd21be7248e0197ee08e0c20d4a96debdac3d20af","0xacd614c63e7d9aed0e747d72a8723d5ea3b41424","5,000,000","0x5d3a536e4d6dbd6114cc1ead35777bab948e3643","Compound Dai","cDAI",""
"0x6b2253f0e86ffc01216d372ce6acfc9df08f38f46f364805e1c2d261a8fa9f8f","1624606583","2021-06-25 07:36:23","0x722122df12d4e14e13ac3b6895a86e84145b6967","0xd21be7248e0197ee08e0c20d4a96debdac3d20af","5,000,000","0x5d3a536e4d6dbd6114cc1ead35777bab948e3643","Compound Dai","cDAI",""
"0xd3383caa4505d133f1398dfb419c1a0718aa898acb8f4fd85760ceb78d7c92e3","1625167053","2021-07-01 19:17:33","0xd21be7248e0197ee08e0c20d4a96debdac3d20af","0xd4638a640d820a5f58bd27082cfe4d9d3ff3cbcc","5,000,000","0x5d3a536e4d6dbd6114cc1ead35777bab948e3643","Compound Dai","cDAI",""
"0x5d199b0315e8d6399185c9a0f4a445245ffeac3016e77e4c37fc2e2ee4d5c35b","1625167182","2021-07-01 19:19:42","0xd21be7248e0197ee08e0c20d4a96debdac3d20af","0xd4638a640d820a5f58bd27082cfe4d9d3ff3cbcc","5,000,000","0x5d3a536e4d6dbd6114cc1ead35777bab948e3643","Compound Dai","cDAI",""
"0x3e048d152ddd8f6739ddfb3fc1bdcf40839777766cad19869a4dd0a73c294883","1625222184","2021-07-02 10:36:24","0xd21be7248e0197ee08e0c20d4a96debdac3d20af","0xd4638a640d820a5f58bd27082cfe4d9d3ff3cbcc","5,000,000","0x5d3a536e4d6dbd6114cc1ead35777bab948e3643","Compound Dai","cDAI",""
"0xea7d8183b9e4880a4f74cfe72aa04201ea9661d7d0c5cf4b682aa6a7d4ebf2b9","1625458731","2021-07-05 04:18:51","0xd21be7248e0197ee08e0c20d4a96debdac3d20af","0x99787c1be3b2b686d1705c417171661c5f74b5d5","5,000,000","0x5d3a536e4d6dbd6114cc1ead35777bab948e3643","Compound Dai","cDAI",""
"0x8953e9328524a09ab0c4b6d0b051ae47d3e3b081445e82735dcad196e642eaa4","1625458828","2021-07-05 04:20:28","0xd21be7248e0197ee08e0c20d4a96debdac3d20af","0x99787c1be3b2b686d1705c417171661c5f74b5d5","5,000,000","0x5d3a536e4d6dbd6114cc1ead35777bab948e3643","Compound Dai","cDAI",""
"0x43d92b62ca2f65b39e8daaf0101843fab80f78e8ca3bf6874e54261196eb80ce","1625458943","2021-07-05 04:22:23","0xd21be7248e0197ee08e0c20d4a96debdac3d20af","0x99787c1be3b2b686d1705c417171661c5f74b5d5","5,000,000","0x5d3a536e4d6dbd6114cc1ead35777bab948e3643","Compound Dai","cDAI",""
"0xdb3273758b82003e4d776e3a093ce53acbb372e157370cff17bac9e3322dbf41","1625459732","2021-07-05 04:35:32","0xd21be7248e0197ee08e0c20d4a96debdac3d20af","0x99787c1be3b2b686d1705c417171661c5f74b5d5","5,000,000","0x5d3a536e4d6dbd6114cc1ead35777bab948e3643","Compound Dai","cDAI",""
"0x4d1e750eff0e23ff0732d485aa89111f132998b1b7b9a62e5e1ee2b8e7adb707","1625460006","2021-07-05 04:40:06","0xd21be7248e0197ee08e0c20d4a96debdac3d20af","0x99787c1be3b2b686d1705c417171661c5f74b5d5","5,000,000","0x5d3a536e4d6dbd6114cc1ead35777bab948e3643","Compound Dai","cDAI",""
"0xcf74d4bcef76c4ffb3a686eb0a2959de00231bef0671e7f41265683060322769","1625460454","2021-07-05 04:47:34","0xd21be7248e0197ee08e0c20d4a96debdac3d20af","0x99787c1be3b2b686d1705c417171661c5f74b5d5","5,000,000","0x5d3a536e4d6dbd6114cc1ead35777bab948e3643","Compound Dai","cDAI",""
"0xb6a3194837b2ff077efe97adbfd12136a700f127ccac20d80a4ab1c2f3fda38b","1625460659","2021-07-05 04:50:59","0xd21be7248e0197ee08e0c20d4a96debdac3d20af","0x99787c1be3b2b686d1705c417171661c5f74b5d5","5,000,000","0x5d3a536e4d6dbd6114cc1ead35777bab948e3643","Compound Dai","cDAI",""
"0xab301bc109951b503a02d3ab53c5373befb1a868caee562a1f7fb9bad3e08064","1625461560","2021-07-05 05:06:00","0xd21be7248e0197ee08e0c20d4a96debdac3d20af","0x99787c1be3b2b686d1705c417171661c5f74b5d5","5,000,000","0x5d3a536e4d6dbd6114cc1ead35777bab948e3643","Compound Dai","cDAI",""
"0x32ecb1f5b257be0486d9b99d3d5639a1dfba019ddb9dd48122780c204e83eda0","1625463835","2021-07-05 05:43:55","0xd21be7248e0197ee08e0c20d4a96debdac3d20af","0x99787c1be3b2b686d1705c417171661c5f74b5d5","5,000,000","0x5d3a536e4d6dbd6114cc1ead35777bab948e3643","Compound Dai","cDAI",""
"0x32232e31809735c7114a7435ac894df8df6404ff7973565b60d77fba6a890df1","1625464013","2021-07-05 05:46:53","0xd21be7248e0197ee08e0c20d4a96debdac3d20af","0x99787c1be3b2b686d1705c417171661c5f74b5d5","5,000,000","0x5d3a536e4d6dbd6114cc1ead35777bab948e3643","Compound Dai","cDAI",""
"0x532c957517ca49900f69e7f0c5987af04c757a930ccf720b8f74ae47a675cbb8","1625464088","2021-07-05 05:48:08","0xd21be7248e0197ee08e0c20d4a96debdac3d20af","0x99787c1be3b2b686d1705c417171661c5f74b5d5","5,000,000","0x5d3a536e4d6dbd6114cc1ead35777bab948e3643","Compound Dai","cDAI",""
"0x407b405269a699eac5f40ba33ba23b53987fa3b12d945d1834165f6185b67687","1625464207","2021-07-05 05:50:07","0xd21be7248e0197ee08e0c20d4a96debdac3d20af","0x99787c1be3b2b686d1705c417171661c5f74b5d5","5,000,000","0x5d3a536e4d6dbd6114cc1ead35777bab948e3643","Compound Dai","cDAI",""
"0x1f51f42ea8adc4fef476dc9791e7faf233ddf4b3bc839fc76f595797fa7f1476","1625464338","2021-07-05 05:52:18","0xd21be7248e0197ee08e0c20d4a96debdac3d20af","0x99787c1be3b2b686d1705c417171661c5f74b5d5","5,000,000","0x5d3a536e4d6dbd6114cc1ead35777bab948e3643","Compound Dai","cDAI",""
"0x72fdaadda50c1cd4842fbda0d7f470213f931e693d0a51747618c2cdef60d52d","1625464392","2021-07-05 05:53:12","0xd21be7248e0197ee08e0c20d4a96debdac3d20af","0x99787c1be3b2b686d1705c417171661c5f74b5d5","5,000,000","0x5d3a536e4d6dbd6114cc1ead35777bab948e3643","Compound Dai","cDAI",""
"0x533cd27e81a5506ea0af9acea9190c80ea3cb8f55a07eed81525e35b1a473210","1625470607","2021-07-05 07:36:47","0x722122df12d4e14e13ac3b6895a86e84145b6967","0xd21be7248e0197ee08e0c20d4a96debdac3d20af","5,000,000","0x5d3a536e4d6dbd6114cc1ead35777bab948e3643","Compound Dai","cDAI",""
"0xea816464ea904ad79c3905c9b8f506a931c4a90b66e7949e896b8e915cd5a3fb","1625470668","2021-07-05 07:37:48","0x722122df12d4e14e13ac3b6895a86e84145b6967","0xd21be7248e0197ee08e0c20d4a96debdac3d20af","5,000,000","0x5d3a536e4d6dbd6114cc1ead35777bab948e3643","Compound Dai","cDAI",""
"0x45788339dcf0330b40d30283de8d11fa20042b52e1f5d92208df836f48b9d8dc","1625470876","2021-07-05 07:41:16","0x722122df12d4e14e13ac3b6895a86e84145b6967","0xd21be7248e0197ee08e0c20d4a96debdac3d20af","5,000,000","0x5d3a536e4d6dbd6114cc1ead35777bab948e3643","Compound Dai","cDAI",""
"0x8747a9b82d63f7bddfe57eba1b3d009d0fca5e5db4af91eaa0a5abe3012dd8c1","1625470876","2021-07-05 07:41:16","0x722122df12d4e14e13ac3b6895a86e84145b6967","0xd21be7248e0197ee08e0c20d4a96debdac3d20af","5,000,000","0x5d3a536e4d6dbd6114cc1ead35777bab948e3643","Compound Dai","cDAI",""
"0x46979fb9d4d395e79b973597091dc551256a492e85717ae283483f3cebf705c0","1625471060","2021-07-05 07:44:20","0x722122df12d4e14e13ac3b6895a86e84145b6967","0xd21be7248e0197ee08e0c20d4a96debdac3d20af","5,000,000","0x5d3a536e4d6dbd6114cc1ead35777bab948e3643","Compound Dai","cDAI",""
"0xf14e4851cc8368babb0037ff032c04a817b348ccc68af75ad5bb494072c9a468","1625471060","2021-07-05 07:44:20","0x722122df12d4e14e13ac3b6895a86e84145b6967","0xd21be7248e0197ee08e0c20d4a96debdac3d20af","5,000,000","0x5d3a536e4d6dbd6114cc1ead35777bab948e3643","Compound Dai","cDAI",""
"0x1937a6cf73987e545459797be510e3d7d784f9e9fd2490cfad19f56ae0429d8a","1625471060","2021-07-05 07:44:20","0x722122df12d4e14e13ac3b6895a86e84145b6967","0xd21be7248e0197ee08e0c20d4a96debdac3d20af","5,000,000","0x5d3a536e4d6dbd6114cc1ead35777bab948e3643","Compound Dai","cDAI",""
"0xe1cefa0e6dd87fda140c3bae7c87468a21f642ce1d06e1c3eefd6d0d17953f10","1625471070","2021-07-05 07:44:30","0x722122df12d4e14e13ac3b6895a86e84145b6967","0xd21be7248e0197ee08e0c20d4a96debdac3d20af","5,000,000","0x5d3a536e4d6dbd6114cc1ead35777bab948e3643","Compound Dai","cDAI",""
"0x4ce39777b4f091d43b4141dd8b7675a4bbe17207ab4b4cf515cd9262dcae205e","1625471070","2021-07-05 07:44:30","0x722122df12d4e14e13ac3b6895a86e84145b6967","0xd21be7248e0197ee08e0c20d4a96debdac3d20af","5,000,000","0x5d3a536e4d6dbd6114cc1ead35777bab948e3643","Compound Dai","cDAI",""
"0xa4418317e63d5a279ba05a889cfce7f085fe0dd6a43dcc975ac154265bcf5e12","1625471093","2021-07-05 07:44:53","0x722122df12d4e14e13ac3b6895a86e84145b6967","0xd21be7248e0197ee08e0c20d4a96debdac3d20af","5,000,000","0x5d3a536e4d6dbd6114cc1ead35777bab948e3643","Compound Dai","cDAI",""
"0xaa7bf59e9be8a4502c2a0bc88b362300c1266d7a59cf86d2ba4f0c4dc8ab340b","1625472850","2021-07-05 08:14:10","0x722122df12d4e14e13ac3b6895a86e84145b6967","0xd21be7248e0197ee08e0c20d4a96debdac3d20af","5,000,000","0x5d3a536e4d6dbd6114cc1ead35777bab948e3643","Compound Dai","cDAI",""
"0x91434d0eac33a30f2944baba280a51c1f5e98765805a52e48cee5bb224ddd265","1625472850","2021-07-05 08:14:10","0x722122df12d4e14e13ac3b6895a86e84145b6967","0xd21be7248e0197ee08e0c20d4a96debdac3d20af","5,000,000","0x5d3a536e4d6dbd6114cc1ead35777bab948e3643","Compound Dai","cDAI",""
"0x6ed95b52e1152bf0272a2b83f84e0ad00cee3b1777c401e97ed003afc9b8c8b0","1625472850","2021-07-05 08:14:10","0x722122df12d4e14e13ac3b6895a86e84145b6967","0xd21be7248e0197ee08e0c20d4a96debdac3d20af","5,000,000","0x5d3a536e4d6dbd6114cc1ead35777bab948e3643","Compound Dai","cDAI",""
"0xe74e4c6f6c505bb5cc26dd1d6136eb5c4ed57d1d26a722cf42f2c032769f2e8f","1625472855","2021-07-05 08:14:15","0x722122df12d4e14e13ac3b6895a86e84145b6967","0xd21be7248e0197ee08e0c20d4a96debdac3d20af","5,000,000","0x5d3a536e4d6dbd6114cc1ead35777bab948e3643","Compound Dai","cDAI",""
"0xcda1190295e3dca303d456f96c1a61353469b8b5ca2976fd832a7fd61ec457b1","1625472855","2021-07-05 08:14:15","0x722122df12d4e14e13ac3b6895a86e84145b6967","0xd21be7248e0197ee08e0c20d4a96debdac3d20af","5,000,000","0x5d3a536e4d6dbd6114cc1ead35777bab948e3643","Compound Dai","cDAI",""
"0xcff41bcc50578029cb47a41df4c2310a6a7358a1dce1dbd0eb807c2742c087af","1626243543","2021-07-14 06:19:03","0x722122df12d4e14e13ac3b6895a86e84145b6967","0xd21be7248e0197ee08e0c20d4a96debdac3d20af","5,000,000","0x5d3a536e4d6dbd6114cc1ead35777bab948e3643","Compound Dai","cDAI",""
"0x11b99cbb6d4875f3fbaf33821545eddd6045bc8db0b28c53807ce48e8d54a9cf","1626403329","2021-07-16 02:42:09","0x722122df12d4e14e13ac3b6895a86e84145b6967","0xd21be7248e0197ee08e0c20d4a96debdac3d20af","5,000,000","0x5d3a536e4d6dbd6114cc1ead35777bab948e3643","Compound Dai","cDAI",""
"0xa662b67885592e053ec7e27fc9a3a4c8e20f9d2c8dd046a7d6c10c40280388b0","1626403378","2021-07-16 02:42:58","0x722122df12d4e14e13ac3b6895a86e84145b6967","0xd21be7248e0197ee08e0c20d4a96debdac3d20af","5,000,000","0x5d3a536e4d6dbd6114cc1ead35777bab948e3643","Compound Dai","cDAI",""
"0x8c01934d9885fa779ae8c1ba461eb33cd8311b9e7c583d95a7e7f96fddac7ee0","1626403519","2021-07-16 02:45:19","0x722122df12d4e14e13ac3b6895a86e84145b6967","0xd21be7248e0197ee08e0c20d4a96debdac3d20af","5,000,000","0x5d3a536e4d6dbd6114cc1ead35777bab948e3643","Compound Dai","cDAI",""
"0x9d2c007284e48e4434be90398c619a78c868da72282cceb62030a867374e3e83","1626403519","2021-07-16 02:45:19","0x722122df12d4e14e13ac3b6895a86e84145b6967","0xd21be7248e0197ee08e0c20d4a96debdac3d20af","5,000,000","0x5d3a536e4d6dbd6114cc1ead35777bab948e3643","Compound Dai","cDAI",""
"0xd1d2910d74519b90d62ebc3c04ee1da5157cd14bce8bd878b560848eb1bdd19a","1626403529","2021-07-16 02:45:29","0x722122df12d4e14e13ac3b6895a86e84145b6967","0xd21be7248e0197ee08e0c20d4a96debdac3d20af","5,000,000","0x5d3a536e4d6dbd6114cc1ead35777bab948e3643","Compound Dai","cDAI",""
"0xeb252fbc6a87c1c5cb17a2724fd988ffe49384d37df52259a7c9662eea525f68","1626403536","2021-07-16 02:45:36","0x722122df12d4e14e13ac3b6895a86e84145b6967","0xd21be7248e0197ee08e0c20d4a96debdac3d20af","5,000,000","0x5d3a536e4d6dbd6114cc1ead35777bab948e3643","Compound Dai","cDAI",""
"0xd5d2172ed0ee2a73864224e75c608d148d54a95d3ae329629e5867d6afd20e50","1626403542","2021-07-16 02:45:42","0x722122df12d4e14e13ac3b6895a86e84145b6967","0xd21be7248e0197ee08e0c20d4a96debdac3d20af","5,000,000","0x5d3a536e4d6dbd6114cc1ead35777bab948e3643","Compound Dai","cDAI",""
"0xe4500a3995d6120fb4eb94f82250ef4c79e528bca5a7ba34f28a7e7fbfbd2a52","1626403553","2021-07-16 02:45:53","0x722122df12d4e14e13ac3b6895a86e84145b6967","0xd21be7248e0197ee08e0c20d4a96debdac3d20af","5,000,000","0x5d3a536e4d6dbd6114cc1ead35777bab948e3643","Compound Dai","cDAI",""
"0x6263aa12fec49d448f0d3b5826ba2e91cdaceb69eab85daad46dcdc649e892d5","1626403591","2021-07-16 02:46:31","0x722122df12d4e14e13ac3b6895a86e84145b6967","0xd21be7248e0197ee08e0c20d4a96debdac3d20af","5,000,000","0x5d3a536e4d6dbd6114cc1ead35777bab948e3643","Compound Dai","cDAI",""
"0x5cd891284999ca05fcd0380809483644d3979f269ed61597ca94ed39d5bd7906","1626403630","2021-07-16 02:47:10","0x722122df12d4e14e13ac3b6895a86e84145b6967","0xd21be7248e0197ee08e0c20d4a96debdac3d20af","5,000,000","0x5d3a536e4d6dbd6114cc1ead35777bab948e3643","Compound Dai","cDAI",""
"0x68f28f49831e2cd38174ee6e66e549f2e92c38a01986880f62f5db91087f959f","1626403630","2021-07-16 02:47:10","0x722122df12d4e14e13ac3b6895a86e84145b6967","0xd21be7248e0197ee08e0c20d4a96debdac3d20af","5,000,000","0x5d3a536e4d6dbd6114cc1ead35777bab948e3643","Compound Dai","cDAI",""
"0x013e32e443b81e54bfd363d6bde9af73e8ef1906d6d8f9fd387166795a18c783","1626403630","2021-07-16 02:47:10","0x722122df12d4e14e13ac3b6895a86e84145b6967","0xd21be7248e0197ee08e0c20d4a96debdac3d20af","5,000,000","0x5d3a536e4d6dbd6114cc1ead35777bab948e3643","Compound Dai","cDAI",""
"0xc4b7d5dbb45f7dfe3899d7fab817736a5433702ebb2ea9aba106a3028d96ddb5","1626403661","2021-07-16 02:47:41","0x722122df12d4e14e13ac3b6895a86e84145b6967","0xd21be7248e0197ee08e0c20d4a96debdac3d20af","5,000,000","0x5d3a536e4d6dbd6114cc1ead35777bab948e3643","Compound Dai","cDAI",""
"0x6b13d6a207c1d30dcf9f000a970b380e6c665ea82c046809d990321b17645c12","1626403688","2021-07-16 02:48:08","0x722122df12d4e14e13ac3b6895a86e84145b6967","0xd21be7248e0197ee08e0c20d4a96debdac3d20af","5,000,000","0x5d3a536e4d6dbd6114cc1ead35777bab948e3643","Compound Dai","cDAI",""
"0x84078b8f0a5a1de96f17b87291e5a93a73a0ab263804b0837621105b8e48531b","1626403690","2021-07-16 02:48:10","0x722122df12d4e14e13ac3b6895a86e84145b6967","0xd21be7248e0197ee08e0c20d4a96debdac3d20af","5,000,000","0x5d3a536e4d6dbd6114cc1ead35777bab948e3643","Compound Dai","cDAI",""
"0xe471d72c35fc5ad22b335c83da1eb9209a4517bf38956e9f998210e7f7037ba5","1626434326","2021-07-16 11:18:46","0x722122df12d4e14e13ac3b6895a86e84145b6967","0xd21be7248e0197ee08e0c20d4a96debdac3d20af","5,000,000","0x5d3a536e4d6dbd6114cc1ead35777bab948e3643","Compound Dai","cDAI",""
"0x8cd2434fe238af5f3b15332e937c15591bd9154781ff612857168bff525474b5","1626526347","2021-07-17 12:52:27","0xd21be7248e0197ee08e0c20d4a96debdac3d20af","0x2923092b8390e4a7ec48dd2e82bf824cbbdf718e","5,000,000","0x5d3a536e4d6dbd6114cc1ead35777bab948e3643","Compound Dai","cDAI",""
"0x592d0c24ba00a0217b296e1b7886654966a94e9adef1410c089b19cc8bcc97f0","1626701947","2021-07-19 13:39:07","0xd21be7248e0197ee08e0c20d4a96debdac3d20af","0x99787c1be3b2b686d1705c417171661c5f74b5d5","5,000,000","0x5d3a536e4d6dbd6114cc1ead35777bab948e3643","Compound Dai","cDAI",""
"0xa29d7eb3f682062a917246bb93d943722ab04ceae63424fd6cf803de1418da29","1626702065","2021-07-19 13:41:05","0xd21be7248e0197ee08e0c20d4a96debdac3d20af","0x99787c1be3b2b686d1705c417171661c5f74b5d5","5,000,000","0x5d3a536e4d6dbd6114cc1ead35777bab948e3643","Compound Dai","cDAI",""
"0xe42d96ddbb198175171a1c79852218e7c54159f8ddeb390b6a80dfdbf6b8663c","1626702065","2021-07-19 13:41:05","0xd21be7248e0197ee08e0c20d4a96debdac3d20af","0x99787c1be3b2b686d1705c417171661c5f74b5d5","5,000,000","0x5d3a536e4d6dbd6114cc1ead35777bab948e3643","Compound Dai","cDAI",""
"0x6a48ff873196aa3bf09f58d8a3d1c20a73f4e20bff9c3747b2081b30181f38f5","1626702198","2021-07-19 13:43:18","0xd21be7248e0197ee08e0c20d4a96debdac3d20af","0x99787c1be3b2b686d1705c417171661c5f74b5d5","5,000,000","0x5d3a536e4d6dbd6114cc1ead35777bab948e3643","Compound Dai","cDAI",""
"0x5ea65d612d5f5a8769892e4f90d570a7c3d416892fe3395e0120aa9aad2c55ec","1626702198","2021-07-19 13:43:18","0xd21be7248e0197ee08e0c20d4a96debdac3d20af","0x99787c1be3b2b686d1705c417171661c5f74b5d5","5,000,000","0x5d3a536e4d6dbd6114cc1ead35777bab948e3643","Compound Dai","cDAI",""
"0x60c0f18ee784f89a8ded39efbbcac0f431c9d2efd41f891849a5e02735d56b17","1626702200","2021-07-19 13:43:20","0xd21be7248e0197ee08e0c20d4a96debdac3d20af","0x99787c1be3b2b686d1705c417171661c5f74b5d5","5,000,000","0x5d3a536e4d6dbd6114cc1ead35777bab948e3643","Compound Dai","cDAI",""
"0x1620da801b1ae438863b6a0988d32daf776ba01ed8774f1d96174a549b467534","1626702372","2021-07-19 13:46:12","0xd21be7248e0197ee08e0c20d4a96debdac3d20af","0x99787c1be3b2b686d1705c417171661c5f74b5d5","5,000,000","0x5d3a536e4d6dbd6114cc1ead35777bab948e3643","Compound Dai","cDAI",""
"0x336d3018e2039258a86b98656634b6bd6730ed9e27a6fe19fab7101179de7793","1626702372","2021-07-19 13:46:12","0xd21be7248e0197ee08e0c20d4a96debdac3d20af","0x99787c1be3b2b686d1705c417171661c5f74b5d5","5,000,000","0x5d3a536e4d6dbd6114cc1ead35777bab948e3643","Compound Dai","cDAI",""
"0x15a0f42125f973ce15ac9db08741288f2093a2d80eba83e9c235f6505172e2b9","1626702777","2021-07-19 13:52:57","0xd21be7248e0197ee08e0c20d4a96debdac3d20af","0x99787c1be3b2b686d1705c417171661c5f74b5d5","5,000,000","0x5d3a536e4d6dbd6114cc1ead35777bab948e3643","Compound Dai","cDAI",""
"0xeee9dfd4f0818e67b9be90c76b4c1a86e24cbf9deb0fda35c08d28b1cf55c7aa","1626702777","2021-07-19 13:52:57","0xd21be7248e0197ee08e0c20d4a96debdac3d20af","0x99787c1be3b2b686d1705c417171661c5f74b5d5","5,000,000","0x5d3a536e4d6dbd6114cc1ead35777bab948e3643","Compound Dai","cDAI",""
"0x9cb88506847001b474b0311070368df75e9bd0045cfbe2cd7bc5672deb37a8af","1626702777","2021-07-19 13:52:57","0xd21be7248e0197ee08e0c20d4a96debdac3d20af","0x99787c1be3b2b686d1705c417171661c5f74b5d5","5,000,000","0x5d3a536e4d6dbd6114cc1ead35777bab948e3643","Compound Dai","cDAI",""
"0xb80e6772f75923680d72551abe03b8b56d229aa6d0cd04d2342d216f9ccd292f","1626702777","2021-07-19 13:52:57","0xd21be7248e0197ee08e0c20d4a96debdac3d20af","0x99787c1be3b2b686d1705c417171661c5f74b5d5","5,000,000","0x5d3a536e4d6dbd6114cc1ead35777bab948e3643","Compound Dai","cDAI",""
"0xd28f3179eb77158a6f8ea242a4bf5da622b903b2a4bf2d1bb5f1b49e32ea649a","1626702777","2021-07-19 13:52:57","0xd21be7248e0197ee08e0c20d4a96debdac3d20af","0x99787c1be3b2b686d1705c417171661c5f74b5d5","5,000,000","0x5d3a536e4d6dbd6114cc1ead35777bab948e3643","Compound Dai","cDAI",""
"0x4e4e7ca20915168392d46626a15527ccb66f151e5fc1d6e6a79a9e058c86caa0","1626702777","2021-07-19 13:52:57","0xd21be7248e0197ee08e0c20d4a96debdac3d20af","0x99787c1be3b2b686d1705c417171661c5f74b5d5","5,000,000","0x5d3a536e4d6dbd6114cc1ead35777bab948e3643","Compound Dai","cDAI",""
"0x3475013c83d39e3858930d0a74b93550f8a4226e857a71ddabed18c759fced18","1626702777","2021-07-19 13:52:57","0xd21be7248e0197ee08e0c20d4a96debdac3d20af","0x99787c1be3b2b686d1705c417171661c5f74b5d5","5,000,000","0x5d3a536e4d6dbd6114cc1ead35777bab948e3643","Compound Dai","cDAI",""
"0xe48641ebd0bde56d60cfddbc72170a59cf5120d18357e4ae65c5cf1b40f8d368","1626737944","2021-07-19 23:39:04","0xd21be7248e0197ee08e0c20d4a96debdac3d20af","0x2923092b8390e4a7ec48dd2e82bf824cbbdf718e","5,000,000","0x5d3a536e4d6dbd6114cc1ead35777bab948e3643","Compound Dai","cDAI",""
"0x460ddaa13357a572a1f55f16d97f055947fbeb2215766957ad8f4ea2a4246cd2","1626737967","2021-07-19 23:39:27","0xd21be7248e0197ee08e0c20d4a96debdac3d20af","0x2923092b8390e4a7ec48dd2e82bf824cbbdf718e","5,000,000","0x5d3a536e4d6dbd6114cc1ead35777bab948e3643","Compound Dai","cDAI",""
"0x96509f480705bb23e74c3c06be185f10f7f114e5643b48a27a293cd8b1940b93","1626806213","2021-07-20 18:36:53","0xd21be7248e0197ee08e0c20d4a96debdac3d20af","0x21c30d17d9e61ce139dfd2a3d167c5752246b938","5,000,000","0x5d3a536e4d6dbd6114cc1ead35777bab948e3643","Compound Dai","cDAI",""
"0x1cf386558947c5b8a5d9ef95191ed4942c62f9b1af179963a6ec0cabd47f0c48","1626806493","2021-07-20 18:41:33","0xd21be7248e0197ee08e0c20d4a96debdac3d20af","0x21c30d17d9e61ce139dfd2a3d167c5752246b938","5,000,000","0x5d3a536e4d6dbd6114cc1ead35777bab948e3643","Compound Dai","cDAI",""
"0x41539d52df0695f26dab6ddb04ba4b18ee9dc61c15a20534887438aadd54da9f","1626806662","2021-07-20 18:44:22","0xd21be7248e0197ee08e0c20d4a96debdac3d20af","0x21c30d17d9e61ce139dfd2a3d167c5752246b938","5,000,000","0x5d3a536e4d6dbd6114cc1ead35777bab948e3643","Compound Dai","cDAI",""
"0x1e59df6bff18814bbdf97f5958b41e58dbfb69316d5e3e411bae55039517269c","1626806911","2021-07-20 18:48:31","0xd21be7248e0197ee08e0c20d4a96debdac3d20af","0x21c30d17d9e61ce139dfd2a3d167c5752246b938","5,000,000","0x5d3a536e4d6dbd6114cc1ead35777bab948e3643","Compound Dai","cDAI",""
"0x0ab97ab541fc90ab23719b15101783eb907a120905d2eb93f35e9b64768a1ef5","1626806989","2021-07-20 18:49:49","0xd21be7248e0197ee08e0c20d4a96debdac3d20af","0x21c30d17d9e61ce139dfd2a3d167c5752246b938","5,000,000","0x5d3a536e4d6dbd6114cc1ead35777bab948e3643","Compound Dai","cDAI",""
"0xf83be12b92f7ff557b4cd903ff6dbe51d9836ed0711f74413c723bd163350888","1626807089","2021-07-20 18:51:29","0xd21be7248e0197ee08e0c20d4a96debdac3d20af","0x21c30d17d9e61ce139dfd2a3d167c5752246b938","5,000,000","0x5d3a536e4d6dbd6114cc1ead35777bab948e3643","Compound Dai","cDAI",""
"0x5e8cdf88f2ec9120496fc79424072cf705ed75cae869d4b16725481de117015d","1626807205","2021-07-20 18:53:25","0xd21be7248e0197ee08e0c20d4a96debdac3d20af","0x21c30d17d9e61ce139dfd2a3d167c5752246b938","5,000,000","0x5d3a536e4d6dbd6114cc1ead35777bab948e3643","Compound Dai","cDAI",""
"0x96d9a0ff384209f28f62520d1fb3310fee5f1d0304ed092a1a675c99b33ba0ec","1626807274","2021-07-20 18:54:34","0xd21be7248e0197ee08e0c20d4a96debdac3d20af","0x21c30d17d9e61ce139dfd2a3d167c5752246b938","5,000,000","0x5d3a536e4d6dbd6114cc1ead35777bab948e3643","Compound Dai","cDAI",""
"0xf8fbf6f64725333f87a9b44bfa4a9b47a3122ae1cfcec9dd0e99b82f0667f7ed","1626807384","2021-07-20 18:56:24","0xd21be7248e0197ee08e0c20d4a96debdac3d20af","0x21c30d17d9e61ce139dfd2a3d167c5752246b938","5,000,000","0x5d3a536e4d6dbd6114cc1ead35777bab948e3643","Compound Dai","cDAI",""
"0xb3e6dd6108dcf88a57e317eafbff3b0b012c51b84bc5beaba3c77fb9871d15c7","1626807464","2021-07-20 18:57:44","0xd21be7248e0197ee08e0c20d4a96debdac3d20af","0x21c30d17d9e61ce139dfd2a3d167c5752246b938","5,000,000","0x5d3a536e4d6dbd6114cc1ead35777bab948e3643","Compound Dai","cDAI",""
"0x209da6f82c9afa58d9802bde662494350bc89ce00152e4003c568c7124ba2abe","1626807493","2021-07-20 18:58:13","0xd21be7248e0197ee08e0c20d4a96debdac3d20af","0x21c30d17d9e61ce139dfd2a3d167c5752246b938","5,000,000","0x5d3a536e4d6dbd6114cc1ead35777bab948e3643","Compound Dai","cDAI",""
"0x624f6cb39716ba9dea0c06f136dfb6ebf893a25b669f29bf9090a43a4f77d474","1626807692","2021-07-20 19:01:32","0xd21be7248e0197ee08e0c20d4a96debdac3d20af","0x21c30d17d9e61ce139dfd2a3d167c5752246b938","5,000,000","0x5d3a536e4d6dbd6114cc1ead35777bab948e3643","Compound Dai","cDAI",""
"0x6fa9eb7339a5643b2f6f832f46a42303dfd593b0bb960f998edde8eae8896218","1626877292","2021-07-21 14:21:32","0xd21be7248e0197ee08e0c20d4a96debdac3d20af","0x43c50d3ef219d319a0b4373575d87eda744cd2c4","5,000,000","0x5d3a536e4d6dbd6114cc1ead35777bab948e3643","Compound Dai","cDAI",""
"0x783e8326881c941ab7371a0cfbc83e62546aeb4543207e25e608569cbd4f37a1","1626877463","2021-07-21 14:24:23","0x722122df12d4e14e13ac3b6895a86e84145b6967","0xd21be7248e0197ee08e0c20d4a96debdac3d20af","5,000,000","0x5d3a536e4d6dbd6114cc1ead35777bab948e3643","Compound Dai","cDAI",""
"0xae6649054e462bf1af500ae0c8797d60c36d93966bdaa32f95214fa200307f1a","1626877668","2021-07-21 14:27:48","0xd21be7248e0197ee08e0c20d4a96debdac3d20af","0x43c50d3ef219d319a0b4373575d87eda744cd2c4","5,000,000","0x5d3a536e4d6dbd6114cc1ead35777bab948e3643","Compound Dai","cDAI",""
"0xea8919743fed39634bd61985057d296c99cf8f72d752f2b664d8eef5ad669358","1627428032","2021-07-27 23:20:32","0xd21be7248e0197ee08e0c20d4a96debdac3d20af","0x8cf47d62b8bbb82a14cb81e88a5adb880cbc45a2","5,000,000","0x5d3a536e4d6dbd6114cc1ead35777bab948e3643","Compound Dai","cDAI",""
"0x0ae36763b3a35de6752c6e145f2194a5e58815bff417137b9f8825f4677e3fb0","1627969896","2021-08-03 05:51:36","0xd21be7248e0197ee08e0c20d4a96debdac3d20af","0x71f9d86584ce23f727a242960368447b1c159ef8","5,000,000","0x5d3a536e4d6dbd6114cc1ead35777bab948e3643","Compound Dai","cDAI",""
"0x59fa417afec4558740f27fe17ee65ec5a8ee1f58e0c9b0406dd9766b59389fc4","1627969896","2021-08-03 05:51:36","0xd21be7248e0197ee08e0c20d4a96debdac3d20af","0x71f9d86584ce23f727a242960368447b1c159ef8","5,000,000","0x5d3a536e4d6dbd6114cc1ead35777bab948e3643","Compound Dai","cDAI",""
"0x4607148de4019886ffe9400729db432bb431e83386a19f8e61e5f20f08bf90cf","1628408858","2021-08-08 07:47:38","0x722122df12d4e14e13ac3b6895a86e84145b6967","0xd21be7248e0197ee08e0c20d4a96debdac3d20af","5,000,000","0x5d3a536e4d6dbd6114cc1ead35777bab948e3643","Compound Dai","cDAI",""
"0xb372fe45771fff1d2d8c85386a4fc89d189abd0bf1553ae21b7752f33d613644","1628965495","2021-08-14 18:24:55","0xd21be7248e0197ee08e0c20d4a96debdac3d20af","0x75a6b3b01980bf4a78c7bdeca563d04f2dc60de2","5,000,000","0x5d3a536e4d6dbd6114cc1ead35777bab948e3643","Compound Dai","cDAI",""
"0x02a73cd7fca0ecbecc3c04d8f19adaf3fc9073cc62831c3247e6b282b7d52b1b","1629014243","2021-08-15 07:57:23","0xd21be7248e0197ee08e0c20d4a96debdac3d20af","0x89cad5fcdc2326c6cf362b7181f860e5a9964a64","5,000,000","0x5d3a536e4d6dbd6114cc1ead35777bab948e3643","Compound Dai","cDAI",""
"0xefe66977d74f005885e848922b9b08567ac455c09666f6f37e601d1f6304af89","1629349508","2021-08-19 05:05:08","0x722122df12d4e14e13ac3b6895a86e84145b6967","0xd21be7248e0197ee08e0c20d4a96debdac3d20af","5,000,000","0x5d3a536e4d6dbd6114cc1ead35777bab948e3643","Compound Dai","cDAI",""
"0xdf0391f86f87fc247ff14af4c72377b228706c9c9541b62f3dfb0c6e2190fb32","1629930320","2021-08-25 22:25:20","0xd21be7248e0197ee08e0c20d4a96debdac3d20af","0x9677d26b32eb17a2dd449cac33be9206e48f6068","5,000,000","0x5d3a536e4d6dbd6114cc1ead35777bab948e3643","Compound Dai","cDAI",""
"0x7a025810f2a33748a39222689182b98dcd185ba89aed7fafa87c647b98052091","1629930402","2021-08-25 22:26:42","0xd21be7248e0197ee08e0c20d4a96debdac3d20af","0x9677d26b32eb17a2dd449cac33be9206e48f6068","5,000,000","0x5d3a536e4d6dbd6114cc1ead35777bab948e3643","Compound Dai","cDAI",""
"0x3b22947dcb4da16420b7cb48a94f93ea3b9c42e862598693786138de167bb6be","1629930485","2021-08-25 22:28:05","0xd21be7248e0197ee08e0c20d4a96debdac3d20af","0x9677d26b32eb17a2dd449cac33be9206e48f6068","5,000,000","0x5d3a536e4d6dbd6114cc1ead35777bab948e3643","Compound Dai","cDAI",""
"0x542555692c07f5f686b5f1dedcbe9e94be7896dabe700d12172888fb28b7932f","1630312441","2021-08-30 08:34:01","0xd21be7248e0197ee08e0c20d4a96debdac3d20af","0xf13ea8aedbdeecb1b8a479bb3b61852ba9dece43","5,000,000","0x5d3a536e4d6dbd6114cc1ead35777bab948e3643","Compound Dai","cDAI",""
"0x6e01fdcdb4602990f5a6f719a371a4c4e483c1e65cdaaf8138e5e5612dba4f26","1631337666","2021-09-11 05:21:06","0xd21be7248e0197ee08e0c20d4a96debdac3d20af","0x9677d26b32eb17a2dd449cac33be9206e48f6068","5,000,000","0x5d3a536e4d6dbd6114cc1ead35777bab948e3643","Compound Dai","cDAI",""
"0xdf9d1bcba9cc48ec239356d522641d30ccb0c244b51adce97bf8a49b6cfa5007","1631337832","2021-09-11 05:23:52","0xd21be7248e0197ee08e0c20d4a96debdac3d20af","0x9677d26b32eb17a2dd449cac33be9206e48f6068","5,000,000","0x5d3a536e4d6dbd6114cc1ead35777bab948e3643","Compound Dai","cDAI",""
"0x60bb21253e2f16ca9c4f49a1a384cb412200b41b3e3dc1d35209e57c705b40e3","1631337939","2021-09-11 05:25:39","0xd21be7248e0197ee08e0c20d4a96debdac3d20af","0x9677d26b32eb17a2dd449cac33be9206e48f6068","5,000,000","0x5d3a536e4d6dbd6114cc1ead35777bab948e3643","Compound Dai","cDAI",""
"0x9f84d89e076260395af095a85d580bc1ad8cd2bfbceb86092c0bf80b5cc690d0","1631337997","2021-09-11 05:26:37","0xd21be7248e0197ee08e0c20d4a96debdac3d20af","0x9677d26b32eb17a2dd449cac33be9206e48f6068","5,000,000","0x5d3a536e4d6dbd6114cc1ead35777bab948e3643","Compound Dai","cDAI",""
"0xb9e4d5a219dc5dd57833dbfd7a4cd1b060c4be11a53457a5eaffbf7b63136f87","1631657967","2021-09-14 22:19:27","0xd21be7248e0197ee08e0c20d4a96debdac3d20af","0x6a5151a666a8e37f1cc1b6142855b23921eb65ee","5,000,000","0x5d3a536e4d6dbd6114cc1ead35777bab948e3643","Compound Dai","cDAI",""
"0xfb1ec43e9d1b029186958cf18174d7284892df032e1aac1ddada69968dad778b","1632965342","2021-09-30 01:29:02","0xd21be7248e0197ee08e0c20d4a96debdac3d20af","0x8ad5f80f92fed763e6c5587a58cceb7a44ac7dbf","5,000,000","0x5d3a536e4d6dbd6114cc1ead35777bab948e3643","Compound Dai","cDAI",""
"0x4d4e54c33f4c13b71016a572d8a0b31f0bdc0b8d10194aa3ddb301f5feba6400","1634280226","2021-10-15 06:43:46","0xd21be7248e0197ee08e0c20d4a96debdac3d20af","0x4b409ce1f3f30bd2b221003f20bcc6974e5a486e","5,000,000","0x5d3a536e4d6dbd6114cc1ead35777bab948e3643","Compound Dai","cDAI",""
"0x0248ec001c10ae70d73a504ed38882013b38c45948092e39e61c9209efa035a5","1634419976","2021-10-16 21:32:56","0xd21be7248e0197ee08e0c20d4a96debdac3d20af","0xfadc0b916a55da70ca919076569b14fcecf892c0","5,000,000","0x5d3a536e4d6dbd6114cc1ead35777bab948e3643","Compound Dai","cDAI",""
"0x14e9d10b1b91c1c01770e370015ac2fcf6ad7241f5915b09e3168b1e98fdfd78","1634549917","2021-10-18 09:38:37","0x722122df12d4e14e13ac3b6895a86e84145b6967","0xd21be7248e0197ee08e0c20d4a96debdac3d20af","5,000,000","0x5d3a536e4d6dbd6114cc1ead35777bab948e3643","Compound Dai","cDAI",""
"0x7945e7f79ad2c71c476a918c7eb180b2efc6fca088c5c82588fb3a7d962b3fe8","1634551290","2021-10-18 10:01:30","0x722122df12d4e14e13ac3b6895a86e84145b6967","0xd21be7248e0197ee08e0c20d4a96debdac3d20af","5,000,000","0x5d3a536e4d6dbd6114cc1ead35777bab948e3643","Compound Dai","cDAI",""
"0x42270be88613e6e139aad711db92aafb5dc4d4c7e3c9489d7e98f64d7bfda8b5","1634585266","2021-10-18 19:27:46","0xd21be7248e0197ee08e0c20d4a96debdac3d20af","0xfadc0b916a55da70ca919076569b14fcecf892c0","5,000,000","0x5d3a536e4d6dbd6114cc1ead35777bab948e3643","Compound Dai","cDAI",""
"0x771a2cad9096a008cb629ee6e97fe44ed140e0d400dff884f164e8e3cd07d534","1634818457","2021-10-21 12:14:17","0xd21be7248e0197ee08e0c20d4a96debdac3d20af","0xfadc0b916a55da70ca919076569b14fcecf892c0","5,000,000","0x5d3a536e4d6dbd6114cc1ead35777bab948e3643","Compound Dai","cDAI",""
"0x3fd6988f7c951dee48de0da77fb56655177f4af21e483eb4afba196415420fe5","1634959169","2021-10-23 03:19:29","0xd21be7248e0197ee08e0c20d4a96debdac3d20af","0xfadc0b916a55da70ca919076569b14fcecf892c0","5,000,000","0x5d3a536e4d6dbd6114cc1ead35777bab948e3643","Compound Dai","cDAI",""
"0x12dde1fa5fdff4254145c1c159faf51278c64dc20b44f6260c1f5a084519925c","1635189030","2021-10-25 19:10:30","0xd21be7248e0197ee08e0c20d4a96debdac3d20af","0x75a6b3b01980bf4a78c7bdeca563d04f2dc60de2","5,000,000","0x5d3a536e4d6dbd6114cc1ead35777bab948e3643","Compound Dai","cDAI",""
"0xe397766c5c9ecd26b5e8d5a81e7d6de937de2300e4750c0edec2261ba3d01558","1636280798","2021-11-07 10:26:38","0xd21be7248e0197ee08e0c20d4a96debdac3d20af","0xe0aba3173f08a9d6cbbb52c5448eb8ea599b3728","5,000,000","0x5d3a536e4d6dbd6114cc1ead35777bab948e3643","Compound Dai","cDAI",""
"0xdd5de248552ce8a07a31c21f63ba145c52ed5cd6a47cb6a34a969b71c5aa85ae","1636879517","2021-11-14 08:45:17","0xd21be7248e0197ee08e0c20d4a96debdac3d20af","0x121ad4daff41da6f2fd15fcb910e12f5ecd1f820","4,975,779.83837844","0x5d3a536e4d6dbd6114cc1ead35777bab948e3643","Compound Dai","cDAI",""
"0xdd5de248552ce8a07a31c21f63ba145c52ed5cd6a47cb6a34a969b71c5aa85ae","1636879517","2021-11-14 08:45:17","0xd21be7248e0197ee08e0c20d4a96debdac3d20af","0xbe4d1e137a24af091be80ae58d652279665e3a27","24,220.16162156","0x5d3a536e4d6dbd6114cc1ead35777bab948e3643","Compound Dai","cDAI",""
"0xba200ddf216346cc4bf0be1fc0bf05053be25ba8a769f0c96b94fc531fb65628","1636879641","2021-11-14 08:47:21","0xd21be7248e0197ee08e0c20d4a96debdac3d20af","0x121ad4daff41da6f2fd15fcb910e12f5ecd1f820","4,974,224.94997696","0x5d3a536e4d6dbd6114cc1ead35777bab948e3643","Compound Dai","cDAI",""
"0xba200ddf216346cc4bf0be1fc0bf05053be25ba8a769f0c96b94fc531fb65628","1636879641","2021-11-14 08:47:21","0xd21be7248e0197ee08e0c20d4a96debdac3d20af","0xbe4d1e137a24af091be80ae58d652279665e3a27","25,775.05002304","0x5d3a536e4d6dbd6114cc1ead35777bab948e3643","Compound Dai","cDAI",""
"0x6ffc6474c7355ae5f6d86651d762b1fc9b1a3cfb9be7f684ae9f7268e34063b3","1639353690","2021-12-13 00:01:30","0xd21be7248e0197ee08e0c20d4a96debdac3d20af","0xd2800879f604cd13d7d9e8738c080408d7105c60","4,981,105.55638075","0x5d3a536e4d6dbd6114cc1ead35777bab948e3643","Compound Dai","cDAI",""
"0x6ffc6474c7355ae5f6d86651d762b1fc9b1a3cfb9be7f684ae9f7268e34063b3","1639353690","2021-12-13 00:01:30","0xd21be7248e0197ee08e0c20d4a96debdac3d20af","0xbe4d1e137a24af091be80ae58d652279665e3a27","18,894.44361925","0x5d3a536e4d6dbd6114cc1ead35777bab948e3643","Compound Dai","cDAI",""
"0x27fb2ddf34762a11272cc442b85662c0ac7a3e95dd7240630d17b3d171f60d22","1639353766","2021-12-13 00:02:46","0xd21be7248e0197ee08e0c20d4a96debdac3d20af","0xd2800879f604cd13d7d9e8738c080408d7105c60","4,977,620.60190637","0x5d3a536e4d6dbd6114cc1ead35777bab948e3643","Compound Dai","cDAI",""
"0x27fb2ddf34762a11272cc442b85662c0ac7a3e95dd7240630d17b3d171f60d22","1639353766","2021-12-13 00:02:46","0xd21be7248e0197ee08e0c20d4a96debdac3d20af","0xbe4d1e137a24af091be80ae58d652279665e3a27","22,379.39809363","0x5d3a536e4d6dbd6114cc1ead35777bab948e3643","Compound Dai","cDAI",""
"0x3c6cf7e2393fc81bbda7cd7717cc8a8a5f7668926f13190f3b3d4950300e335e","1639353855","2021-12-13 00:04:15","0xd21be7248e0197ee08e0c20d4a96debdac3d20af","0xd2800879f604cd13d7d9e8738c080408d7105c60","4,976,144.11895069","0x5d3a536e4d6dbd6114cc1ead35777bab948e3643","Compound Dai","cDAI",""
"0x3c6cf7e2393fc81bbda7cd7717cc8a8a5f7668926f13190f3b3d4950300e335e","1639353855","2021-12-13 00:04:15","0xd21be7248e0197ee08e0c20d4a96debdac3d20af","0xbe4d1e137a24af091be80ae58d652279665e3a27","23,855.88104931","0x5d3a536e4d6dbd6114cc1ead35777bab948e3643","Compound Dai","cDAI",""
"0xd1e5d34a89dccc96e3776da3ae3ae38cc1a01c1bdbaad17306480a17104eb192","1639353880","2021-12-13 00:04:40","0xd21be7248e0197ee08e0c20d4a96debdac3d20af","0xd2800879f604cd13d7d9e8738c080408d7105c60","4,975,588.39216367","0x5d3a536e4d6dbd6114cc1ead35777bab948e3643","Compound Dai","cDAI",""
"0xd1e5d34a89dccc96e3776da3ae3ae38cc1a01c1bdbaad17306480a17104eb192","1639353880","2021-12-13 00:04:40","0xd21be7248e0197ee08e0c20d4a96debdac3d20af","0xbe4d1e137a24af091be80ae58d652279665e3a27","24,411.60783633","0x5d3a536e4d6dbd6114cc1ead35777bab948e3643","Compound Dai","cDAI",""
"0x03399f4c4e941ca883241db5294544eb2472c4fe92a7211e09e7e883a9ffc0ef","1645160921","2022-02-18 05:08:41","0xd21be7248e0197ee08e0c20d4a96debdac3d20af","0xf88a23ec44b1838ad80b971549a3a85995990fc3","5,000,000","0x5d3a536e4d6dbd6114cc1ead35777bab948e3643","Compound Dai","cDAI",""
"0x3769f3ad1d6b16bfd90565be87aac8c7a7dad164d7b3b9a65f82e40cc8866210","1646098448","2022-03-01 01:34:08","0xd21be7248e0197ee08e0c20d4a96debdac3d20af","0xf892f60276437f82429ce7e59161f0ac10be3d0b","5,000,000","0x5d3a536e4d6dbd6114cc1ead35777bab948e3643","Compound Dai","cDAI",""
"0x028b269f0e0c4f9f9a1025bca64c536eef2e769108d8e96493d8eb5e69fc82f6","1646390207","2022-03-04 10:36:47","0xd21be7248e0197ee08e0c20d4a96debdac3d20af","0x197a7c88a8c718f2bde259f4c1f5ea2350a9e7b7","5,000,000","0x5d3a536e4d6dbd6114cc1ead35777bab948e3643","Compound Dai","cDAI",""
